query	query_seqname	query_start	target_seqname	target_start	target
MNKSAENWENKA	sp|Q9PY95|NSP3_ROTHC	216	tr|F8WA32|F8WA32_HUMAN Testis-specific gene 10 protein (Fragment) OS=Homo sapiens OX=9606 GN=TSGA10 PE=1 SV=1	420	ANEDAENWENKA
MNKSAENWENKA	sp|Q9PY95|NSP3_ROTHC	216	tr|A0A669KBL0|A0A669KBL0_HUMAN Testis-specific gene 10 protein OS=Homo sapiens OX=9606 GN=TSGA10 PE=1 SV=1	511	ANEDAENWENKA
MNKSAENWENKA	sp|Q9PY95|NSP3_ROTHC	216	sp|Q9BZW7|TSG10_HUMAN Testis-specific gene 10 protein OS=Homo sapiens OX=9606 GN=TSGA10 PE=1 SV=1	420	ANEDAENWENKA
MNKSAENWENKA	sp|Q9PY95|NSP3_ROTHC	216	tr|B8ZZZ9|B8ZZZ9_HUMAN Testis-specific gene 10 protein (Fragment) OS=Homo sapiens OX=9606 GN=TSGA10 PE=1 SV=2	420	ANEDAENWENKA
SGSPKKLSLLKV	sp|Q91E96|VP2_ROTHC	120	sp|Q5TCZ1|SPD2A_HUMAN SH3 and PX domain-containing protein 2A OS=Homo sapiens OX=9606 GN=SH3PXD2A PE=1 SV=1	660	SGSPKSSSLLKL
SGSPKKLSLLKV	sp|Q91E96|VP2_ROTHC	120	tr|H0Y507|H0Y507_HUMAN SH3 and PX domain-containing protein 2A (Fragment) OS=Homo sapiens OX=9606 GN=SH3PXD2A PE=1 SV=1	587	SGSPKSSSLLKL
VMGTDQSVFGNT	sp|Q91E95|RDRP_ROTHC	465	tr|Q5JTU8|Q5JTU8_HUMAN CDK5 regulatory subunit-associated protein 2 (Fragment) OS=Homo sapiens OX=9606 GN=CDK5RAP2 PE=1 SV=1	104	VMGTDQSESINT
VMGTDQSVFGNT	sp|Q91E95|RDRP_ROTHC	465	sp|Q96SN8|CK5P2_HUMAN CDK5 regulatory subunit-associated protein 2 OS=Homo sapiens OX=9606 GN=CDK5RAP2 PE=1 SV=5	1094	VMGTDQSESINT
VMGTDQSVFGNT	sp|Q91E95|RDRP_ROTHC	465	tr|B1AMJ5|B1AMJ5_HUMAN CDK5 regulatory subunit-associated protein 2 (Fragment) OS=Homo sapiens OX=9606 GN=CDK5RAP2 PE=1 SV=1	488	VMGTDQSESINT
VMGTDQSVFGNT	sp|Q91E95|RDRP_ROTHC	465	tr|A0A0A0MRG9|A0A0A0MRG9_HUMAN CDK5 regulatory subunit-associated protein 2 OS=Homo sapiens OX=9606 GN=CDK5RAP2 PE=1 SV=1	864	VMGTDQSESINT
KLWTLEEHSQFI	sp|Q91E96|VP2_ROTHC	766	tr|C9JYK2|C9JYK2_HUMAN FERM domain-containing protein 4B (Fragment) OS=Homo sapiens OX=9606 GN=FRMD4B PE=1 SV=1	101	KLVTLETKSQFI
KLWTLEEHSQFI	sp|Q91E96|VP2_ROTHC	766	tr|E9PGA7|E9PGA7_HUMAN FERM domain-containing protein 4B OS=Homo sapiens OX=9606 GN=FRMD4B PE=1 SV=1	42	KLVTLETKSQFI
KLWTLEEHSQFI	sp|Q91E96|VP2_ROTHC	766	sp|Q9Y2L6|FRM4B_HUMAN FERM domain-containing protein 4B OS=Homo sapiens OX=9606 GN=FRMD4B PE=1 SV=4	390	KLVTLETKSQFI
LRTISAMSILVE	sp|Q91E96|VP2_ROTHC	713	tr|K7EJV4|K7EJV4_HUMAN MYCBP-associated protein (Fragment) OS=Homo sapiens OX=9606 GN=MYCBPAP PE=4 SV=1	26	LQTISAHSIMVE
ASTRNDSDSAGS	sp|Q82041|VP3_ROTHC	279	tr|G3V3W1|G3V3W1_HUMAN Lysosomal cobalamin transporter ABCD4 OS=Homo sapiens OX=9606 GN=ABCD4 PE=1 SV=1	56	ASARTWSDSAGS
MGTDQSVFGNTS	sp|Q91E95|RDRP_ROTHC	466	tr|Q5JTU8|Q5JTU8_HUMAN CDK5 regulatory subunit-associated protein 2 (Fragment) OS=Homo sapiens OX=9606 GN=CDK5RAP2 PE=1 SV=1	105	MGTDQSESINTS
MGTDQSVFGNTS	sp|Q91E95|RDRP_ROTHC	466	sp|Q96SN8|CK5P2_HUMAN CDK5 regulatory subunit-associated protein 2 OS=Homo sapiens OX=9606 GN=CDK5RAP2 PE=1 SV=5	1095	MGTDQSESINTS
MGTDQSVFGNTS	sp|Q91E95|RDRP_ROTHC	466	tr|B1AMJ5|B1AMJ5_HUMAN CDK5 regulatory subunit-associated protein 2 (Fragment) OS=Homo sapiens OX=9606 GN=CDK5RAP2 PE=1 SV=1	489	MGTDQSESINTS
MGTDQSVFGNTS	sp|Q91E95|RDRP_ROTHC	466	tr|A0A0A0MRG9|A0A0A0MRG9_HUMAN CDK5 regulatory subunit-associated protein 2 OS=Homo sapiens OX=9606 GN=CDK5RAP2 PE=1 SV=1	865	MGTDQSESINTS
LVPSQLLTFTDD	sp|Q82040|VP4_ROTHC	389	tr|K7EP32|K7EP32_HUMAN UBX domain-containing protein 6 (Fragment) OS=Homo sapiens OX=9606 GN=UBXN6 PE=1 SV=1	330	LVPSALLTFSWD
LVPSQLLTFTDD	sp|Q82040|VP4_ROTHC	389	sp|Q9BZV1|UBXN6_HUMAN UBX domain-containing protein 6 OS=Homo sapiens OX=9606 GN=UBXN6 PE=1 SV=1	400	LVPSALLTFSWD
NSIKSVFSEVLS	sp|Q91E95|RDRP_ROTHC	597	sp|Q9NYF0|DACT1_HUMAN Dapper homolog 1 OS=Homo sapiens OX=9606 GN=DACT1 PE=1 SV=2	174	NSSNSVFSECLS
MSCFKSYEDEKE	sp|Q91E95|RDRP_ROTHC	448	sp|Q96MP5|ZSWM3_HUMAN Zinc finger SWIM domain-containing protein 3 OS=Homo sapiens OX=9606 GN=ZSWIM3 PE=1 SV=2	4	GSCFKTYEDFKE
SKNSGLYALAVQ	sp|Q91E95|RDRP_ROTHC	621	sp|Q6ZUX3|TGRM2_HUMAN TOG array regulator of axonemal microtubules protein 2 OS=Homo sapiens OX=9606 GN=TOGARAM2 PE=2 SV=2	858	SKNSGIYAAAVA
QYAMYLKQLDSV	sp|Q91E96|VP2_ROTHC	825	sp|Q6ZTR5|CFA47_HUMAN Cilia- and flagella-associated protein 47 OS=Homo sapiens OX=9606 GN=CFAP47 PE=2 SV=5	637	YYAMYLKYLRSV
TEVKKNILLFLS	sp|Q9PY94|NSP1_ROTHC	122	tr|Q5T3W0|Q5T3W0_HUMAN Interferon-inducible protein AIM2 (Fragment) OS=Homo sapiens OX=9606 GN=AIM2 PE=1 SV=1	137	TEKKKNILFDLS
TEVKKNILLFLS	sp|Q9PY94|NSP1_ROTHC	122	sp|O14862|AIM2_HUMAN Interferon-inducible protein AIM2 OS=Homo sapiens OX=9606 GN=AIM2 PE=1 SV=1	274	TEKKKNILFDLS
GESTNKKETSHI	sp|Q82055|NSP4_ROTHC	69	sp|P22794|EVI2A_HUMAN Protein EVI2A OS=Homo sapiens OX=9606 GN=EVI2A PE=1 SV=2	72	GNSTNMPETSHI
YAMYLKQLDSVT	sp|Q91E96|VP2_ROTHC	826	sp|Q6ZTR5|CFA47_HUMAN Cilia- and flagella-associated protein 47 OS=Homo sapiens OX=9606 GN=CFAP47 PE=2 SV=5	638	YAMYLKYLRSVR
TDLNLVTAMGDS	sp|Q82040|VP4_ROTHC	97	tr|A0A286YF81|A0A286YF81_HUMAN Cytohesin-2 (Fragment) OS=Homo sapiens OX=9606 GN=CYTH2 PE=1 SV=1	136	TDLNLVQALRDS
VIYITSLGNHLS	sp|Q82041|VP3_ROTHC	263	sp|Q8NGI8|O5AN1_HUMAN Olfactory receptor 5AN1 OS=Homo sapiens OX=9606 GN=OR5AN1 PE=2 SV=1	34	VIYITSLAWNLS
KVLFLYALGTVT	sp|Q91E96|VP2_ROTHC	272	tr|B0QZG3|B0QZG3_HUMAN Mitoguardin 2 (Fragment) OS=Homo sapiens OX=9606 GN=MIGA2 PE=1 SV=8	46	KVLFATALGTVA
KVLFLYALGTVT	sp|Q91E96|VP2_ROTHC	272	sp|Q7L4E1|MIGA2_HUMAN Mitoguardin 2 OS=Homo sapiens OX=9606 GN=MIGA2 PE=1 SV=1	46	KVLFATALGTVA
SKIVLFRLIISI	sp|Q91E95|RDRP_ROTHC	20	tr|H3BSR0|H3BSR0_HUMAN Neuropilin and tolloid-like protein 2 (Fragment) OS=Homo sapiens OX=9606 GN=NETO2 PE=1 SV=2	154	SGIVLVLLIISI
SKIVLFRLIISI	sp|Q91E95|RDRP_ROTHC	20	tr|H3BTE1|H3BTE1_HUMAN Neuropilin and tolloid-like protein 2 (Fragment) OS=Homo sapiens OX=9606 GN=NETO2 PE=1 SV=2	58	SGIVLVLLIISI
SKIVLFRLIISI	sp|Q91E95|RDRP_ROTHC	20	sp|Q8NC67|NETO2_HUMAN Neuropilin and tolloid-like protein 2 OS=Homo sapiens OX=9606 GN=NETO2 PE=1 SV=1	355	SGIVLVLLIISI
SKIVLFRLIISI	sp|Q91E95|RDRP_ROTHC	20	tr|H3BM37|H3BM37_HUMAN Neuropilin and tolloid-like protein 2 (Fragment) OS=Homo sapiens OX=9606 GN=NETO2 PE=1 SV=2	195	SGIVLVLLIISI
FLELIHQVGNAQ	sp|Q91E96|VP2_ROTHC	524	tr|M0R0L3|M0R0L3_HUMAN Occludin/ELL domain-containing protein 1 (Fragment) OS=Homo sapiens OX=9606 GN=OCEL1 PE=4 SV=1	138	FLELQHEVGCAQ
FLELIHQVGNAQ	sp|Q91E96|VP2_ROTHC	524	sp|Q9H607|OCEL1_HUMAN Occludin/ELL domain-containing protein 1 OS=Homo sapiens OX=9606 GN=OCEL1 PE=2 SV=1	176	FLELQHEVGCAQ
FLELIHQVGNAQ	sp|Q91E96|VP2_ROTHC	524	tr|M0QZ36|M0QZ36_HUMAN Occludin/ELL domain-containing protein 1 OS=Homo sapiens OX=9606 GN=OCEL1 PE=4 SV=1	120	FLELQHEVGCAQ
FLELIHQVGNAQ	sp|Q91E96|VP2_ROTHC	524	tr|M0QXM2|M0QXM2_HUMAN Occludin/ELL domain-containing protein 1 (Fragment) OS=Homo sapiens OX=9606 GN=OCEL1 PE=4 SV=1	175	FLELQHEVGCAQ
EAEVSFQVHEIL	sp|Q91E96|VP2_ROTHC	414	tr|E9PMC3|E9PMC3_HUMAN SID1 transmembrane family member 2 (Fragment) OS=Homo sapiens OX=9606 GN=SIDT2 PE=1 SV=1	88	EAVVSFQVPLIL
EAEVSFQVHEIL	sp|Q91E96|VP2_ROTHC	414	tr|F5H8L4|F5H8L4_HUMAN SID1 transmembrane family member 2 OS=Homo sapiens OX=9606 GN=SIDT2 PE=1 SV=1	88	EAVVSFQVPLIL
EAEVSFQVHEIL	sp|Q91E96|VP2_ROTHC	414	tr|C9JBG5|C9JBG5_HUMAN SID1 transmembrane family member 2 OS=Homo sapiens OX=9606 GN=SIDT2 PE=1 SV=2	88	EAVVSFQVPLIL
EAEVSFQVHEIL	sp|Q91E96|VP2_ROTHC	414	sp|Q8NBJ9|SIDT2_HUMAN SID1 transmembrane family member 2 OS=Homo sapiens OX=9606 GN=SIDT2 PE=1 SV=2	88	EAVVSFQVPLIL
DECISSLDILDS	sp|Q9PY95|NSP3_ROTHC	268	sp|Q6MZW2|FSTL4_HUMAN Follistatin-related protein 4 OS=Homo sapiens OX=9606 GN=FSTL4 PE=2 SV=3	422	DEDISSLFIEDS
LIDLVVIRNLLS	sp|Q91E96|VP2_ROTHC	582	sp|P04839|CY24B_HUMAN Cytochrome b-245 heavy chain OS=Homo sapiens OX=9606 GN=CYBB PE=1 SV=2	66	LILLPVCRNLLS
LIDLVVIRNLLS	sp|Q91E96|VP2_ROTHC	582	tr|Q5H9D4|Q5H9D4_HUMAN NADPH oxidase 1 OS=Homo sapiens OX=9606 GN=NOX1 PE=1 SV=1	66	LILLPVCRNLLS
LIDLVVIRNLLS	sp|Q91E96|VP2_ROTHC	582	sp|Q9Y5S8|NOX1_HUMAN NADPH oxidase 1 OS=Homo sapiens OX=9606 GN=NOX1 PE=1 SV=2	66	LILLPVCRNLLS
QHVSSWQSSDRI	sp|Q82040|VP4_ROTHC	594	sp|Q6ZTU2|E400N_HUMAN Putative EP400-like protein OS=Homo sapiens OX=9606 GN=EP400P1 PE=5 SV=2	2	QHVSSSQSSQRH
TLQLLTITSTTR	sp|P69481|VP6_ROTHC	335	tr|Q5JZH0|Q5JZH0_HUMAN Carboxypeptidase (Fragment) OS=Homo sapiens OX=9606 GN=CTSA PE=1 SV=2	173	TQQLLPPTSTTR
STRNDSDSAGSS	sp|Q82041|VP3_ROTHC	280	tr|G3V3W1|G3V3W1_HUMAN Lysosomal cobalamin transporter ABCD4 OS=Homo sapiens OX=9606 GN=ABCD4 PE=1 SV=1	57	SARTWSDSAGSS
LTPNLKTLKDDS	sp|Q91E96|VP2_ROTHC	212	sp|Q9H867|MT21D_HUMAN Protein-lysine methyltransferase METTL21D OS=Homo sapiens OX=9606 GN=VCPKMT PE=1 SV=2	152	LEPLLKTLKDIS
QIIETLAEYLER	sp|Q82041|VP3_ROTHC	52	tr|F8WB76|F8WB76_HUMAN Ankyrin repeat domain-containing protein 54 (Fragment) OS=Homo sapiens OX=9606 GN=ANKRD54 PE=1 SV=1	107	QIIHMLREYLER
QIIETLAEYLER	sp|Q82041|VP3_ROTHC	52	tr|H7C3L3|H7C3L3_HUMAN Ankyrin repeat domain-containing protein 54 (Fragment) OS=Homo sapiens OX=9606 GN=ANKRD54 PE=1 SV=1	156	QIIHMLREYLER
QIIETLAEYLER	sp|Q82041|VP3_ROTHC	52	tr|B5MCX7|B5MCX7_HUMAN Ankyrin repeat domain-containing protein 54 OS=Homo sapiens OX=9606 GN=ANKRD54 PE=1 SV=1	120	QIIHMLREYLER
QIIETLAEYLER	sp|Q82041|VP3_ROTHC	52	tr|D3YTC9|D3YTC9_HUMAN Ankyrin repeat domain-containing protein 54 OS=Homo sapiens OX=9606 GN=ANKRD54 PE=1 SV=1	224	QIIHMLREYLER
QIIETLAEYLER	sp|Q82041|VP3_ROTHC	52	sp|Q6NXT1|ANR54_HUMAN Ankyrin repeat domain-containing protein 54 OS=Homo sapiens OX=9606 GN=ANKRD54 PE=1 SV=2	240	QIIHMLREYLER
NKSAENWENKAG	sp|Q9PY95|NSP3_ROTHC	217	tr|F8WA32|F8WA32_HUMAN Testis-specific gene 10 protein (Fragment) OS=Homo sapiens OX=9606 GN=TSGA10 PE=1 SV=1	421	NEDAENWENKAR
NKSAENWENKAG	sp|Q9PY95|NSP3_ROTHC	217	tr|A0A669KBL0|A0A669KBL0_HUMAN Testis-specific gene 10 protein OS=Homo sapiens OX=9606 GN=TSGA10 PE=1 SV=1	512	NEDAENWENKAR
NKSAENWENKAG	sp|Q9PY95|NSP3_ROTHC	217	sp|Q9BZW7|TSG10_HUMAN Testis-specific gene 10 protein OS=Homo sapiens OX=9606 GN=TSGA10 PE=1 SV=1	421	NEDAENWENKAR
NKSAENWENKAG	sp|Q9PY95|NSP3_ROTHC	217	tr|B8ZZZ9|B8ZZZ9_HUMAN Testis-specific gene 10 protein (Fragment) OS=Homo sapiens OX=9606 GN=TSGA10 PE=1 SV=2	421	NEDAENWENKAR
DLRAASEKTVGH	sp|Q91E95|RDRP_ROTHC	258	sp|Q8TDM6|DLG5_HUMAN Disks large homolog 5 OS=Homo sapiens OX=9606 GN=DLG5 PE=1 SV=4	70	DLRAALEKTQPH
YLNIARNRLITL	sp|Q9PY95|NSP3_ROTHC	243	sp|Q5VUJ6|LRCH2_HUMAN Leucine-rich repeat and calponin homology domain-containing protein 2 OS=Homo sapiens OX=9606 GN=LRCH2 PE=1 SV=2	161	YLNISRNLLSTL
RAASEKTVGHIL	sp|Q91E95|RDRP_ROTHC	260	sp|Q96NZ8|WFKN1_HUMAN WAP, Kazal, immunoglobulin, Kunitz and NTR domain-containing protein 1 OS=Homo sapiens OX=9606 GN=WFIKKN1 PE=1 SV=1	521	RAASEKRVKKIL
SSLLFAIAGDLS	sp|Q91E96|VP2_ROTHC	82	tr|D6R9B3|D6R9B3_HUMAN Multidrug resistance-associated protein 7 (Fragment) OS=Homo sapiens OX=9606 GN=ABCC10 PE=1 SV=1	196	SSLLAAIAGELH
SSLLFAIAGDLS	sp|Q91E96|VP2_ROTHC	82	sp|Q5T3U5|MRP7_HUMAN ATP-binding cassette sub-family C member 10 OS=Homo sapiens OX=9606 GN=ABCC10 PE=1 SV=1	640	SSLLAAIAGELH
SSLLFAIAGDLS	sp|Q91E96|VP2_ROTHC	82	sp|A0A1B0GUA7|TEX51_HUMAN Testis-expressed protein 51 OS=Homo sapiens OX=9606 GN=TEX51 PE=3 SV=1	146	SALLLAIAGDVS
STNKKETSHIDA	sp|Q82055|NSP4_ROTHC	71	sp|P22794|EVI2A_HUMAN Protein EVI2A OS=Homo sapiens OX=9606 GN=EVI2A PE=1 SV=2	74	STNMPETSHIVA
LCYFVLFLGHLL	sp|Q82041|VP3_ROTHC	636	sp|Q8NCS7|CTL5_HUMAN Choline transporter-like protein 5 OS=Homo sapiens OX=9606 GN=SLC44A5 PE=1 SV=5	608	VTYFVLFLGKLL
QDEKSQTLYQKE	sp|Q91E95|RDRP_ROTHC	658	sp|P98170|XIAP_HUMAN E3 ubiquitin-protein ligase XIAP OS=Homo sapiens OX=9606 GN=XIAP PE=1 SV=2	423	QDESSQTSLQKE
FIRPKRVTISYS	sp|Q91E95|RDRP_ROTHC	298	tr|Q5VZY9|Q5VZY9_HUMAN Serine/threonine-protein kinase DCLK1 OS=Homo sapiens OX=9606 GN=DCLK1 PE=1 SV=1	182	FIRPKLVTIIRS
FIRPKRVTISYS	sp|Q91E95|RDRP_ROTHC	298	sp|O15075|DCLK1_HUMAN Serine/threonine-protein kinase DCLK1 OS=Homo sapiens OX=9606 GN=DCLK1 PE=1 SV=2	182	FIRPKLVTIIRS
PNLKTLKDDSTF	sp|Q91E96|VP2_ROTHC	214	sp|Q9H867|MT21D_HUMAN Protein-lysine methyltransferase METTL21D OS=Homo sapiens OX=9606 GN=VCPKMT PE=1 SV=2	154	PLLKTLKDISGF
MSGSPKKLSLLK	sp|Q91E96|VP2_ROTHC	119	sp|Q5TCZ1|SPD2A_HUMAN SH3 and PX domain-containing protein 2A OS=Homo sapiens OX=9606 GN=SH3PXD2A PE=1 SV=1	659	KSGSPKSSSLLK
MSGSPKKLSLLK	sp|Q91E96|VP2_ROTHC	119	tr|H0Y507|H0Y507_HUMAN SH3 and PX domain-containing protein 2A (Fragment) OS=Homo sapiens OX=9606 GN=SH3PXD2A PE=1 SV=1	586	KSGSPKSSSLLK
SCFKSYEDEKEL	sp|Q91E95|RDRP_ROTHC	449	sp|Q96MP5|ZSWM3_HUMAN Zinc finger SWIM domain-containing protein 3 OS=Homo sapiens OX=9606 GN=ZSWIM3 PE=1 SV=2	5	SCFKTYEDFKEC
VKVLFLYALGTV	sp|Q91E96|VP2_ROTHC	271	tr|B0QZG3|B0QZG3_HUMAN Mitoguardin 2 (Fragment) OS=Homo sapiens OX=9606 GN=MIGA2 PE=1 SV=8	45	RKVLFATALGTV
VKVLFLYALGTV	sp|Q91E96|VP2_ROTHC	271	sp|Q7L4E1|MIGA2_HUMAN Mitoguardin 2 OS=Homo sapiens OX=9606 GN=MIGA2 PE=1 SV=1	45	RKVLFATALGTV
VKVLFLYALGTV	sp|Q91E96|VP2_ROTHC	271	tr|A0A590UJ12|A0A590UJ12_HUMAN DNA excision repair protein ERCC-6-like 2 OS=Homo sapiens OX=9606 GN=ERCC6L2 PE=1 SV=1	626	VKVLRLISLGTV
VKVLFLYALGTV	sp|Q91E96|VP2_ROTHC	271	tr|A0A590UJV1|A0A590UJV1_HUMAN DNA excision repair protein ERCC-6-like 2 OS=Homo sapiens OX=9606 GN=ERCC6L2 PE=1 SV=1	626	VKVLRLISLGTV
VKVLFLYALGTV	sp|Q91E96|VP2_ROTHC	271	tr|A0A590UJ07|A0A590UJ07_HUMAN DNA excision repair protein ERCC-6-like 2 OS=Homo sapiens OX=9606 GN=ERCC6L2 PE=1 SV=1	626	VKVLRLISLGTV
VKVLFLYALGTV	sp|Q91E96|VP2_ROTHC	271	sp|Q5T890|ER6L2_HUMAN DNA excision repair protein ERCC-6-like 2 OS=Homo sapiens OX=9606 GN=ERCC6L2 PE=1 SV=2	637	VKVLRLISLGTV
VKVLFLYALGTV	sp|Q91E96|VP2_ROTHC	271	tr|H0Y3T7|H0Y3T7_HUMAN DNA excision repair protein ERCC-6-like 2 OS=Homo sapiens OX=9606 GN=ERCC6L2 PE=1 SV=2	448	VKVLRLISLGTV
VKVLFLYALGTV	sp|Q91E96|VP2_ROTHC	271	tr|A0A590UJA1|A0A590UJA1_HUMAN DNA excision repair protein ERCC-6-like 2 OS=Homo sapiens OX=9606 GN=ERCC6L2 PE=1 SV=1	626	VKVLRLISLGTV
VKVLFLYALGTV	sp|Q91E96|VP2_ROTHC	271	tr|A0A5F9UKL4|A0A5F9UKL4_HUMAN DNA excision repair protein ERCC-6-like 2 OS=Homo sapiens OX=9606 GN=ERCC6L2 PE=1 SV=1	626	VKVLRLISLGTV
CYFVLFLGHLLN	sp|Q82041|VP3_ROTHC	637	sp|Q8NCS7|CTL5_HUMAN Choline transporter-like protein 5 OS=Homo sapiens OX=9606 GN=SLC44A5 PE=1 SV=5	609	TYFVLFLGKLLV
VSKNSGLYALAV	sp|Q91E95|RDRP_ROTHC	620	sp|Q6ZUX3|TGRM2_HUMAN TOG array regulator of axonemal microtubules protein 2 OS=Homo sapiens OX=9606 GN=TOGARAM2 PE=2 SV=2	857	NSKNSGIYAAAV
YFVLFLGHLLNS	sp|Q82041|VP3_ROTHC	638	sp|Q8NCS7|CTL5_HUMAN Choline transporter-like protein 5 OS=Homo sapiens OX=9606 GN=SLC44A5 PE=1 SV=5	610	YFVLFLGKLLVA
LQLLTITSTTRA	sp|P69481|VP6_ROTHC	336	tr|M0R2S4|M0R2S4_HUMAN Kallikrein-10 OS=Homo sapiens OX=9606 GN=KLK10 PE=4 SV=1	16	LALLSIPSTTRA
QTATGTIQPNTS	sp|P69481|VP6_ROTHC	74	tr|J3QQK4|J3QQK4_HUMAN Nucleosome-remodeling factor subunit BPTF (Fragment) OS=Homo sapiens OX=9606 GN=BPTF PE=1 SV=1	246	RTATVTIRPNTS
QTATGTIQPNTS	sp|P69481|VP6_ROTHC	74	tr|F5GXF5|F5GXF5_HUMAN Nucleosome-remodeling factor subunit BPTF (Fragment) OS=Homo sapiens OX=9606 GN=BPTF PE=1 SV=2	2092	RTATVTIRPNTS
QTATGTIQPNTS	sp|P69481|VP6_ROTHC	74	tr|A0A2R8Y7Q1|A0A2R8Y7Q1_HUMAN Nucleosome-remodeling factor subunit BPTF OS=Homo sapiens OX=9606 GN=BPTF PE=1 SV=1	2016	RTATVTIRPNTS
QTATGTIQPNTS	sp|P69481|VP6_ROTHC	74	sp|Q12830|BPTF_HUMAN Nucleosome-remodeling factor subunit BPTF OS=Homo sapiens OX=9606 GN=BPTF PE=1 SV=3	2155	RTATVTIRPNTS
QTATGTIQPNTS	sp|P69481|VP6_ROTHC	74	tr|E9PE19|E9PE19_HUMAN Nucleosome-remodeling factor subunit BPTF OS=Homo sapiens OX=9606 GN=BPTF PE=1 SV=3	2016	RTATVTIRPNTS
QTATGTIQPNTS	sp|P69481|VP6_ROTHC	74	tr|E7ETD6|E7ETD6_HUMAN Nucleosome-remodeling factor subunit BPTF (Fragment) OS=Homo sapiens OX=9606 GN=BPTF PE=1 SV=3	2016	RTATVTIRPNTS
LTLQAAKNAIIP	sp|Q9PY95|NSP3_ROTHC	360	tr|A0A0A0MSX6|A0A0A0MSX6_HUMAN GPI mannosyltransferase 2 OS=Homo sapiens OX=9606 GN=PIGV PE=3 SV=1	23	LMLQALFNAIIP
LTLQAAKNAIIP	sp|Q9PY95|NSP3_ROTHC	360	sp|Q9NUD9|PIGV_HUMAN GPI mannosyltransferase 2 OS=Homo sapiens OX=9606 GN=PIGV PE=1 SV=1	23	LMLQALFNAIIP
LTLQAAKNAIIP	sp|Q9PY95|NSP3_ROTHC	360	tr|X1WI27|X1WI27_HUMAN GPI mannosyltransferase 2 OS=Homo sapiens OX=9606 GN=PIGV PE=1 SV=8	23	LMLQALFNAIIP
LTLQAAKNAIIP	sp|Q9PY95|NSP3_ROTHC	360	tr|E9PQC7|E9PQC7_HUMAN GPI mannosyltransferase 2 OS=Homo sapiens OX=9606 GN=PIGV PE=3 SV=1	23	LMLQALFNAIIP
YLPPIAKSVRHY	sp|Q91E95|RDRP_ROTHC	85	sp|Q99959|PKP2_HUMAN Plakophilin-2 OS=Homo sapiens OX=9606 GN=PKP2 PE=1 SV=2	686	YLSLIAKSVRNY
ASSLLFAIAGDL	sp|Q91E96|VP2_ROTHC	81	tr|D6R9B3|D6R9B3_HUMAN Multidrug resistance-associated protein 7 (Fragment) OS=Homo sapiens OX=9606 GN=ABCC10 PE=1 SV=1	195	KSSLLAAIAGEL
ASSLLFAIAGDL	sp|Q91E96|VP2_ROTHC	81	sp|Q5T3U5|MRP7_HUMAN ATP-binding cassette sub-family C member 10 OS=Homo sapiens OX=9606 GN=ABCC10 PE=1 SV=1	639	KSSLLAAIAGEL
KQHVSSWQSSDR	sp|Q82040|VP4_ROTHC	593	sp|Q6ZTU2|E400N_HUMAN Putative EP400-like protein OS=Homo sapiens OX=9606 GN=EP400P1 PE=5 SV=2	1	MQHVSSSQSSQR
TILLSIQVPNQS	sp|Q82040|VP4_ROTHC	527	tr|F5H0L2|F5H0L2_HUMAN Protein crumbs homolog 1 OS=Homo sapiens OX=9606 GN=CRB1 PE=1 SV=1	472	YIHLSIQVNNQS
TILLSIQVPNQS	sp|Q82040|VP4_ROTHC	527	sp|P82279|CRUM1_HUMAN Protein crumbs homolog 1 OS=Homo sapiens OX=9606 GN=CRB1 PE=1 SV=2	541	YIHLSIQVNNQS
LMSCFKSYEDEK	sp|Q91E95|RDRP_ROTHC	447	sp|Q96MP5|ZSWM3_HUMAN Zinc finger SWIM domain-containing protein 3 OS=Homo sapiens OX=9606 GN=ZSWIM3 PE=1 SV=2	3	LGSCFKTYEDFK
ILLSIQVPNQSQ	sp|Q82040|VP4_ROTHC	528	tr|F5H0L2|F5H0L2_HUMAN Protein crumbs homolog 1 OS=Homo sapiens OX=9606 GN=CRB1 PE=1 SV=1	473	IHLSIQVNNQSK
ILLSIQVPNQSQ	sp|Q82040|VP4_ROTHC	528	sp|P82279|CRUM1_HUMAN Protein crumbs homolog 1 OS=Homo sapiens OX=9606 GN=CRB1 PE=1 SV=2	542	IHLSIQVNNQSK
VAFDRPIGLNSL	sp|Q82040|VP4_ROTHC	712	sp|Q9Y5G0|PCDGH_HUMAN Protocadherin gamma-B5 OS=Homo sapiens OX=9606 GN=PCDHGB5 PE=2 SV=1	156	VAEDADIGLNSL
IIETLAEYLERL	sp|Q82041|VP3_ROTHC	53	tr|F8WB76|F8WB76_HUMAN Ankyrin repeat domain-containing protein 54 (Fragment) OS=Homo sapiens OX=9606 GN=ANKRD54 PE=1 SV=1	108	IIHMLREYLERL
IIETLAEYLERL	sp|Q82041|VP3_ROTHC	53	tr|H7C3L3|H7C3L3_HUMAN Ankyrin repeat domain-containing protein 54 (Fragment) OS=Homo sapiens OX=9606 GN=ANKRD54 PE=1 SV=1	157	IIHMLREYLERL
IIETLAEYLERL	sp|Q82041|VP3_ROTHC	53	tr|B5MCX7|B5MCX7_HUMAN Ankyrin repeat domain-containing protein 54 OS=Homo sapiens OX=9606 GN=ANKRD54 PE=1 SV=1	121	IIHMLREYLERL
IIETLAEYLERL	sp|Q82041|VP3_ROTHC	53	tr|V9GYU2|V9GYU2_HUMAN Ankyrin repeat domain-containing protein 54 OS=Homo sapiens OX=9606 GN=ANKRD54 PE=1 SV=1	48	IIHMLREYLERL
IIETLAEYLERL	sp|Q82041|VP3_ROTHC	53	tr|D3YTC9|D3YTC9_HUMAN Ankyrin repeat domain-containing protein 54 OS=Homo sapiens OX=9606 GN=ANKRD54 PE=1 SV=1	225	IIHMLREYLERL
IIETLAEYLERL	sp|Q82041|VP3_ROTHC	53	sp|Q6NXT1|ANR54_HUMAN Ankyrin repeat domain-containing protein 54 OS=Homo sapiens OX=9606 GN=ANKRD54 PE=1 SV=2	241	IIHMLREYLERL
PVLSLLTVEDFF	sp|Q9PY95|NSP3_ROTHC	104	tr|F5H0C4|F5H0C4_HUMAN Proteasomal ATPase-associated factor 1 OS=Homo sapiens OX=9606 GN=PAAF1 PE=1 SV=1	325	PVLSLLSVRDGF
PVLSLLTVEDFF	sp|Q9PY95|NSP3_ROTHC	104	sp|Q9BRP4|PAAF1_HUMAN Proteasomal ATPase-associated factor 1 OS=Homo sapiens OX=9606 GN=PAAF1 PE=1 SV=2	324	PVLSLLSVRDGF
IALGATNPLLRI	sp|Q9PY93|NSP2_ROTHC	251	sp|Q5H9S7|DCA17_HUMAN DDB1- and CUL4-associated factor 17 OS=Homo sapiens OX=9606 GN=DCAF17 PE=1 SV=1	122	IALTAHNWLLRI
IALGATNPLLRI	sp|Q9PY93|NSP2_ROTHC	251	tr|F5H7W1|F5H7W1_HUMAN DDB1- and CUL4-associated factor 17 OS=Homo sapiens OX=9606 GN=DCAF17 PE=1 SV=1	122	IALTAHNWLLRI
TATGTIQPNTSM	sp|P69481|VP6_ROTHC	75	tr|J3QQK4|J3QQK4_HUMAN Nucleosome-remodeling factor subunit BPTF (Fragment) OS=Homo sapiens OX=9606 GN=BPTF PE=1 SV=1	247	TATVTIRPNTSG
TATGTIQPNTSM	sp|P69481|VP6_ROTHC	75	tr|F5GXF5|F5GXF5_HUMAN Nucleosome-remodeling factor subunit BPTF (Fragment) OS=Homo sapiens OX=9606 GN=BPTF PE=1 SV=2	2093	TATVTIRPNTSG
TATGTIQPNTSM	sp|P69481|VP6_ROTHC	75	tr|A0A2R8Y7Q1|A0A2R8Y7Q1_HUMAN Nucleosome-remodeling factor subunit BPTF OS=Homo sapiens OX=9606 GN=BPTF PE=1 SV=1	2017	TATVTIRPNTSG
TATGTIQPNTSM	sp|P69481|VP6_ROTHC	75	sp|Q12830|BPTF_HUMAN Nucleosome-remodeling factor subunit BPTF OS=Homo sapiens OX=9606 GN=BPTF PE=1 SV=3	2156	TATVTIRPNTSG
TATGTIQPNTSM	sp|P69481|VP6_ROTHC	75	tr|E9PE19|E9PE19_HUMAN Nucleosome-remodeling factor subunit BPTF OS=Homo sapiens OX=9606 GN=BPTF PE=1 SV=3	2017	TATVTIRPNTSG
TATGTIQPNTSM	sp|P69481|VP6_ROTHC	75	tr|E7ETD6|E7ETD6_HUMAN Nucleosome-remodeling factor subunit BPTF (Fragment) OS=Homo sapiens OX=9606 GN=BPTF PE=1 SV=3	2017	TATVTIRPNTSG
